folder;file
2585;2585_2022-02-28-21_222_1-FDC39-Arsure-Arsurette.jpg
2585;2585_FD&FG_MALE_2022-02-28-21_222_1-FDC39-Arsure-Arsurette (1).jpg
2585;2585_FD_2022-02-20-21_222_1-FDC39-Arsure-Arsurette.jpg
2585;2585_FD_2022-03-06-21_222_1-FDC39-Arsure-Arsurette (1).jpg
2585;2585_FD_2022-03-06-21_222_1-FDC39-Arsure-Arsurette.jpg
2585;2638_FG_2022-04-10-21_189_1-FDC39-Les Chalesmes (2).JPG
F25_059;F25_059_395_FG_2022-02-10-21_198_1-FDC39-Foncine-le-Haut.JPG
F25_059;F25_059_396_FG_2022-02-10-21_198_1-FDC39-Foncine-le-Haut.JPG
F25_061;F25_061_2021-10-24-21_178_1-FDC39-Sirod.JPG
F25_061;F25_061_2021-10-29-21_188_1-FDC39-Les Planches-en-Montagne.JPG
F25_061;F25_061_2021-10-30-21_161_1-FDC39-Syam (2).JPG
F25_061;F25_061_2021-11-10-21_161_1-FDC39-Syam.JPG
F25_061;F25_061_2021-11-12-21_162_1-FDC39-Bourg-de-Sirod.JPG
F25_061;F25_061_2021-11-26-21_162_1-FDC39-Bourg-de-Sirod.JPG
F25_061;F25_061_2021-11-27-21_161_1-FDC39-Syam.JPG
F25_061;F25_061_FD_2021-12-10-21_161_1-FDC39-Syam.JPG
F25_061;F25_061_FD_2021-12-25-21_161_1-FDC39-Syam.JPG
F25_061;F25_061_FD_2022-01-09-21_161_2-FDC39-Syam.JPG
F25_061;F25_061_FD_2022-01-23-21_162_1-FDC39-Bourg-de-Sirod.JPG
F25_061;F25_061_FD_2022-01-30-21_161_1-FDC39-Syam.JPG
F25_061;F25_061_FD_2022-02-06-21_161_1-FDC39-Syam.JPG
F25_061;F25_061_FD_2022-02-19-21_162_1-FDC39-Bourg-de-Sirod.JPG
F25_061;F25_061_FD_2022-02-26-21_162_1-FDC39-Bourg-de-Sirod.JPG
F25_061;F25_061_FD_2022-03-06-21_161_1-FDC39-Syam.JPG
F25_061;F25_061_FD_2022-03-08-21_188_1-FDC39-Les Planches-en-Montagne.JPG
F25_061;F25_061_FD_2022-03-11-21_179_1-FDC39-Lent (1).JPG
F25_061;F25_061_FD_2022-03-17-21_161_1-FDC39-Syam.JPG
F25_061;F25_061_FD_2022-03-22-21_161_1-FDC39-Syam (1).JPG
F25_061;F25_061_FD_2022-03-23-21_162_1-FDC39-Bourg-de-Sirod (1).JPG
F25_061;F25_061_FD_2022-03-23-21_162_1-FDC39-Bourg-de-Sirod.JPG
F25_061;F25_061_FD_2022-04-13-21_178_1-FDC39-Sirod.JPG
F25_061;F25_061_FD_2022-04-14-21_189_1-FDC39-Les Chalesmes (1).JPG
F25_061;F25_061_FG_2021-12-12-21_161_1-FDC39-Syam.JPG
F25_061;F25_061_FG_2022-01-20-21_161_1-FDC39-Syam.JPG
F25_061;F25_061_FG_2022-02-07-21_200_1-FDC39-Les Chalesmes.JPG
F25_061;F25_061_FG_2022-02-19-21_189_1-FDC39-Les Chalesmes.JPG
F25_061;F25_061_FG_2022-02-28-21_161_1-FDC39-Syam (1).JPG
F25_061;F25_061_FG_2022-02-28-21_162_1-FDC39-Bourg-de-Sirod.JPG
F25_061;F25_061_FG_2022-03-03-21_162_1-FDC39-Bourg-de-Sirod (1).JPG
F25_061;F25_061_FG_2022-03-03-21_162_1-FDC39-Bourg-de-Sirod (2).JPG
F25_061;F25_061_FG_2022-03-06-21_162_1-FDC39-Bourg-de-Sirod (2).JPG
F25_061;F25_061_FG_2022-03-06-21_162_1-FDC39-Bourg-de-Sirod (4).JPG
F25_061;F25_061_FG_2022-03-07-21_162_1-FDC39-Bourg-de-Sirod.JPG
F25_061;F25_061_FG_2022-03-08-21_161_1-FDC39-Syam.JPG
F25_061;F25_061_FG_2022-03-09-21_162_1-FDC39-Bourg-de-Sirod.JPG
F25_061;F25_061_FG_2022-03-12-21_161_1-FDC39-Syam.JPG
F25_061;F25_061_FG_2022-03-14-21_162_1-FDC39-Bourg-de-Sirod (2).JPG
F25_061;F25_061_FG_2022-03-17-21_162_1-FDC39-Bourg-de-Sirod (2).JPG
F25_061;F25_061_FG_2022-03-18-21_162_1-FDC39-Bourg-de-Sirod (2).JPG
F25_061;F25_061_FG_2022-03-19-21_162_1-FDC39-Bourg-de-Sirod (2).JPG
F25_061;F25_061_FG_2022-03-21-21_162_1-FDC39-Bourg-de-Sirod (1).JPG
F25_061;F25_061_FG_2022-03-23-21_162_1-FDC39-Bourg-de-Sirod (2).JPG
F25_061;F25_061_FG_2022-03-23-21_162_1-FDC39-Bourg-de-Sirod.JPG
F25_061;F25_061_FG_2022-04-15-21_190_1-FDC39-Sirod.JPG
F25_061;F25_061_FG_2022-04-17-21_161_1-FDC39-Syam.JPG
F25_061;F25_061_FG_2022-12-26-21_188_1-FDC39-Les Planches-en-Montagne.JPG
